{
  "collapse-filter": false,
  "search": "",
  "showTags": true,
  "showAttachments": false,
  "hideUnresolved": false,
  "showOrphans": true,
  "collapse-color-groups": false,
  "colorGroups": [
    {
      "query": "path:Maths",
      "color": {
        "a": 1,
        "rgb": 8147680
      }
    },
    {
      "query": "path:CS",
      "color": {
        "a": 1,
        "rgb": 5399264
      }
    },
    {
      "query": "path:Physics",
      "color": {
        "a": 1,
        "rgb": 10416383
      }
    },
    {
      "query": "path:Business",
      "color": {
        "a": 1,
        "rgb": 5431485
      }
    },
    {
      "query": "path:Kogiito",
      "color": {
        "a": 1,
        "rgb": 11796224
      }
    },
    {
      "query": "path:\"Cyber Security\"",
      "color": {
        "a": 1,
        "rgb": 14708306
      }
    }
  ],
  "collapse-display": false,
  "showArrow": false,
  "textFadeMultiplier": 0,
  "nodeSizeMultiplier": 1,
  "lineSizeMultiplier": 5,
  "collapse-forces": false,
  "centerStrength": 0.626470588235294,
  "repelStrength": 10,
  "linkStrength": 1,
  "linkDistance": 250,
  "scale": 0.8854989543150406,
  "close": false
}